구분,시내버스(전체) 운행노선수,시내버스(저상버스) 운행노선수,저상버스 운행노선 비율
서울특별시,371,310,83.6
부산광역시,130,73,56.2
대구광역시,117,107,91.5
인천광역시,209,40,19.1
광주광역시,101,38,37.6
대전광역시,96,8,8.3
울산광역시,152,49,32.2
세종특별자치시,26,6,23.1
경기도,3241,221,6.8
강원도,245,104,42.4
충청북도,399,28,7
충청남도,1090,139,12.8
전라북도,759,75,9.9
전라남도,341,30,8.8
경상북도,1071,212,19.8
경상남도,629,210,33.4
제주특별자치도,144,34,23.6
